<?xml version="1.0" encoding="UTF-8"?>
<project-private xmlns="http://www.netbeans.org/ns/project-private/1">
    <editor-bookmarks xmlns="http://www.netbeans.org/ns/editor-bookmarks/2" lastBookmarkId="0"/>
    <open-files xmlns="http://www.netbeans.org/ns/projectui-open-files/2">
        <group>
            <file>file:/Users/adrianromerovargas/Sites/frontend/views/pages/index.ejs</file>
            <file>file:/Users/adrianromerovargas/Sites/frontend/test.js</file>
            <file>file:/Users/adrianromerovargas/Sites/frontend/index.js</file>
        </group>
    </open-files>
</project-private>
