{
  "entity":{
                "entity:id":"string",
                "entity:states":["entity"],
                "entity:value":["INITIALIZE a=1 AT SELECT product FROM store:a:product WHERE id=a"],
               
               },
  "input":{
                "input:id":"string",
                "input:states":["input"], 
                "input:token":"string",
                "input:user:states":["ip","name","geo","address"],
                "input:user:ip":"",
                "input:user:id":"string",
                "input:user:name":"string",
                "input:user:geo:lat":"string",
                "input:user:geo:long":"string",
                "input:user:address:street":"string",
                "input:user:address:num":"number" 
  },
  "howto:services":{
                      "services:id":"",
                      "services:states":["services","step"],
                      "step:id":"",
                      "step:a:states":["node","forward","return","stop","start"],
                      "step:a:value":"INITIALIZE x=3 AT SELECT * FROM users WHERE rate=x",
                      "step:a:node:id":"start any",
                      "step:a:forward":["self:step:b"],
                      "step:a:return":["self:step:a"],
                      "step:a:stop":[""],
                      "step:a:start":[""]

                   }



}
